metric_scope,target_class,threshold,N,TP,FP,TN,FN,precision,recall,specificity,NPV,accuracy,F1,balanced_accuracy,MCC,false_positive_rate,false_negative_rate,predicted_positive_n,predicted_negative_n,predicted_positive_rate,precision_ci_low,precision_ci_high,recall_ci_low,recall_ci_high,specificity_ci_low,specificity_ci_high,NPV_ci_low,NPV_ci_high,accuracy_ci_low,accuracy_ci_high,false_positive_rate_ci_low,false_positive_rate_ci_high,false_negative_rate_ci_low,false_negative_rate_ci_high,predicted_positive_rate_ci_low,predicted_positive_rate_ci_high
validation_sample,animal,0.01,760,189,233,329,9,0.44786729857819907,0.9545454545454546,0.5854092526690391,0.9733727810650887,0.6815789473684211,0.6096774193548388,0.7699773536072468,0.47691777474822794,0.41459074733096085,0.045454545454545456,422,338,0.5552631578947368,0.4011049581124442,0.4955702032918692,0.9158843545040228,0.9759046815626607,0.5442332877416118,0.6254255424898802,0.9501771415828236,0.9859293245665891,0.6476157762536592,0.7137157498278399,0.37457445751011964,0.45576671225838816,0.02409531843733931,0.08411564549597722,0.5197431981972218,0.5902272662623649
validation_sample,animal,0.05,760,186,131,431,12,0.5867507886435331,0.9393939393939394,0.7669039145907474,0.9729119638826185,0.8118421052631579,0.7223300970873787,0.8531489269923433,0.6287198112548894,0.23309608540925267,0.06060606060606061,317,443,0.41710526315789476,0.5318210970673841,0.6396031328378208,0.8970683838507462,0.9649943510137146,0.7302079961091328,0.7999758483642803,0.9532548915922298,0.9844378666084673,0.7825126512568256,0.8380349696222708,0.20002415163571974,0.2697920038908673,0.03500564898628546,0.10293161614925384,0.382552183057726,0.45249212025289387
validation_sample,animal,0.1,760,179,93,469,19,0.6580882352941176,0.9040404040404041,0.8345195729537367,0.9610655737704918,0.8526315789473684,0.7617021276595746,0.8692799884970703,0.6762264583544425,0.16548042704626334,0.09595959595959595,272,488,0.35789473684210527,0.5998653658989186,0.7119079272372042,0.854996253946972,0.9377051114456356,0.8015453457624144,0.8629517393109298,0.9399939369046018,0.9749350344736574,0.8256577466999735,0.8760585503278653,0.1370482606890702,0.19845465423758554,0.06229488855436441,0.14500374605302804,0.32460593657175707,0.3926128691035913
validation_sample,animal,0.2,760,174,59,503,24,0.7467811158798283,0.8787878787878788,0.895017793594306,0.9544592030360531,0.8907894736842106,0.8074245939675173,0.8869028361910924,0.7366299861397182,0.10498220640569395,0.12121212121212122,233,527,0.30657894736842106,0.6872525819227234,0.7983042989233079,0.8259798451530607,0.9171776849025088,0.86693749837379,0.9177345914468612,0.9331326001313279,0.9692083757678341,0.8666179619732833,0.9110303224195083,0.0822654085531388,0.13306250162621003,0.08282231509749122,0.17402015484693928,0.2748396002641221,0.3402637741273244
validation_sample,animal,0.25,760,170,52,510,28,0.7657657657657657,0.8585858585858586,0.9074733096085409,0.9479553903345725,0.8947368421052632,0.8095238095238094,0.8830295840971998,0.7394272345301939,0.09252669039145907,0.1414141414141414,222,538,0.29210526315789476,0.7058248948855876,0.816665530991822,0.8032084179566921,0.9003140438292472,0.8806718501360876,0.9287421524266563,0.9258095724869693,0.9637495266802711,0.8708976264867624,0.9146056910817141,0.07125784757334379,0.11932814986391242,0.09968595617075282,0.196791582043308,0.2608860174645433,0.325415568616059
validation_sample,animal,0.3,760,168,44,518,30,0.7924528301886793,0.8484848484848485,0.9217081850533808,0.9452554744525548,0.9026315789473685,0.8195121951219513,0.8850965167691147,0.7537756941013528,0.07829181494661921,0.15151515151515152,212,548,0.2789473684210526,0.7328945303950045,0.8416012160547564,0.7919453696921014,0.8917595579590226,0.896527066552875,0.9411634077151175,0.9229250098998757,0.9613869463690031,0.8794856244596934,0.9217277594601525,0.058836592284882444,0.10347293344712508,0.10824044204097741,0.20805463030789864,0.24823496301304462,0.3118831791486085
validation_sample,animal,0.5,760,161,19,543,37,0.8944444444444445,0.8131313131313131,0.9661921708185054,0.9362068965517242,0.9263157894736842,0.851851851851852,0.8896617419749093,0.8045782106251217,0.033807829181494664,0.18686868686868688,180,580,0.23684210526315788,0.8410276570803017,0.9313770056704258,0.753066193356417,0.8612773648228539,0.9478030204646603,0.9782514278822346,0.9133069411370804,0.9533666949251365,0.90552080483703,0.9428227781369245,0.021748572117765465,0.052196979535339895,0.13872263517714611,0.2469338066435831,0.20798681781233333,0.26834430380868235
validation_sample,animal,0.7,760,139,5,557,59,0.9652777777777778,0.702020202020202,0.9911032028469751,0.9042207792207793,0.9157894736842105,0.8128654970760234,0.8465617024335885,0.7763181051308395,0.008896797153024912,0.29797979797979796,144,616,0.18947368421052632,0.9212970800343208,0.9850792576242422,0.6349609560743676,0.761389726621936,0.9793442703593686,0.9961940034717113,0.8784129968041607,0.9250182563222293,0.8938940037572977,0.9335028240814974,0.003805996528288764,0.02065572964063138,0.2386102733780639,0.3650390439256323,0.1632004981503265,0.21887022536247203
validation_sample,animal,0.9,760,88,1,561,110,0.9887640449438202,0.4444444444444444,0.998220640569395,0.8360655737704918,0.8539473684210527,0.6132404181184669,0.7213325425069197,0.6042543117679043,0.0017793594306049821,0.5555555555555556,89,671,0.11710526315789474,0.9390675378849535,0.9980138167717437,0.37694237538801073,0.5140611868705056,0.9899906793998808,0.9996858302838233,0.8061550977050935,0.8621500191561855,0.8270593909505566,0.8772752504691774,0.00031416971617665573,0.010009320600119144,0.48593881312949433,0.6230576246119892,0.09614687790115016,0.14191490405742768
validation_sample,human,0.01,809,107,204,497,1,0.3440514469453376,0.9907407407407407,0.7089871611982882,0.9979919678714859,0.7466007416563659,0.5107398568019093,0.8498639509695145,0.4892211371372224,0.29101283880171186,0.009259259259259259,311,498,0.38442521631644005,0.293445178184407,0.3984632497483876,0.9494065448063366,0.9983636391461163,0.6742954182036128,0.7414009009235752,0.9887145066629879,0.9996454450348624,0.7155111766383413,0.7753594546147529,0.25859909907642475,0.32570458179638717,0.0016363608538834916,0.050593455193663206,0.3515250145239066,0.41841782245772585
validation_sample,human,0.05,809,97,97,604,11,0.5,0.8981481481481481,0.8616262482168331,0.9821138211382113,0.8665018541409147,0.6423841059602649,0.8798871981824906,0.6052253608652722,0.1383737517831669,0.10185185185185185,194,615,0.23980222496909764,0.43032781311103535,0.5696721868889647,0.8267749385359173,0.9421706824066391,0.8340881624950062,0.8852225330595477,0.9682583657773701,0.9899838326849962,0.8413244722824367,0.8882150874496053,0.1147774669404523,0.1659118375049937,0.05782931759336082,0.1732250614640827,0.21165434047609444,0.2704094796804153
validation_sample,human,0.1,809,91,58,643,17,0.610738255033557,0.8425925925925926,0.9172610556348074,0.9742424242424242,0.907292954264524,0.7081712062256811,0.8799268241136999,0.666708109512999,0.08273894436519258,0.1574074074074074,149,660,0.1841779975278121,0.53060554577487,0.6853044583210339,0.7623129098457861,0.899337973290832,0.8945223984160304,0.9354514810699932,0.9591391701771965,0.9838570703891596,0.8853376910287619,0.9253985144744684,0.06454851893000664,0.1054776015839695,0.10066202670916788,0.23768709015421371,0.15898096986914578,0.21236015150847054
validation_sample,human,0.2,809,91,38,663,17,0.7054263565891473,0.8425925925925926,0.9457917261055635,0.975,0.9320148331273177,0.767932489451477,0.894192159349078,0.7324189167162488,0.05420827389443652,0.1574074074074074,129,680,0.15945611866501855,0.6217403648124402,0.7772314657479122,0.7623129098457861,0.899337973290832,0.9264704492236541,0.9602537809964568,0.9603298000883369,0.984333603493609,0.9125484357913055,0.9473978580580998,0.03974621900354319,0.07352955077634589,0.10066202670916788,0.23768709015421371,0.13584627048406914,0.1862847625473724
validation_sample,human,0.25,809,91,33,668,17,0.7338709677419355,0.8425925925925926,0.9529243937232525,0.9751824817518249,0.9381953028430161,0.7844827586206897,0.8977584931579226,0.7510419850302182,0.047075606276747506,0.1574074074074074,124,685,0.15327564894932014,0.6499148550667715,0.8037720829190407,0.7623129098457861,0.899337973290832,0.9346261175814314,0.9662857003222012,0.9606166949053923,0.9844483729180817,0.9194413927035792,0.95280742323237,0.03371429967779878,0.06537388241856854,0.10066202670916788,0.23768709015421371,0.1300942827159801,0.1797342282289177
validation_sample,human,0.3,809,88,29,672,20,0.7521367521367521,0.8148148148148148,0.9586305278174037,0.9710982658959537,0.9394313967861557,0.7822222222222222,0.8867226713161092,0.7479189503722479,0.04136947218259629,0.18518518518518517,117,692,0.1446229913473424,0.6667224221025372,0.8215206078624093,0.7312030524810644,0.8768004617525846,0.9412182537419695,0.9710436343084803,0.9557811078476864,0.9812139385598727,0.9208252813160221,0.9538840390372357,0.02895636569151961,0.05878174625803028,0.12319953824741527,0.2687969475189354,0.12206499212156958,0.17053998790216704
validation_sample,human,0.5,809,81,14,687,27,0.8526315789473684,0.75,0.9800285306704708,0.9621848739495799,0.9493201483312732,0.7980295566502463,0.8650142653352354,0.7712582303447295,0.019971469329529243,0.25,95,714,0.11742892459826947,0.7677140150925396,0.9101391934638322,0.6607046489100945,0.822121671216627,0.9667578769095785,0.988066774191437,0.9455401233100319,0.9738829496959228,0.9319690104908595,0.9624243452008684,0.011933225808562998,0.033242123090421564,0.17787832878337295,0.3392953510899055,0.09703187929389955,0.14144200354904474
validation_sample,human,0.7,809,69,4,697,39,0.9452054794520548,0.6388888888888888,0.9942938659058488,0.9470108695652174,0.9468479604449939,0.7624309392265194,0.8165913773973688,0.7516222493671003,0.005706134094151213,0.3611111111111111,73,736,0.09023485784919653,0.8674100245784025,0.9784875025843028,0.5449722923436943,0.7232645521711508,0.9854210017960857,0.9977788246719731,0.928382139795656,0.9609975944096301,0.9291700974019387,0.9603022494551717,0.002221175328026805,0.014578998203914215,0.276735447828849,0.45502770765630557,0.07237956534446793,0.11196322031768399
validation_sample,human,0.9,809,34,1,700,74,0.9714285714285714,0.3148148148148148,0.9985734664764622,0.9043927648578811,0.907292954264524,0.4755244755244756,0.6566941406456385,0.5239008907198393,0.0014265335235378032,0.6851851851851852,35,774,0.04326328800988875,0.8546691276638634,0.9949385081445559,0.23486550444655255,0.4074853695336538,0.9919642416731566,0.9997481374050153,0.8816347675030561,0.9231564825661996,0.8853376910287619,0.9253985144744684,0.00025186259498456275,0.008035758326843393,0.5925146304663463,0.7651344955534475,0.031269979445375726,0.059573638359044
validation_sample,vehicle,0.01,807,97,176,531,3,0.3553113553113553,0.97,0.751060820367751,0.9943820224719101,0.7781908302354399,0.5201072386058981,0.8605304101838755,0.5021455903038194,0.24893917963224893,0.03,273,534,0.3382899628252788,0.30090500783846696,0.4137331090948533,0.9154806357094724,0.9897454759759611,0.7178883870212494,0.7815197378072531,0.9836143540028243,0.9980875794214358,0.7482460100446957,0.8054997254694152,0.21848026219274688,0.28211161297875076,0.010254524024038925,0.08451936429052759,0.30648151428457315,0.37163065282192354
validation_sample,vehicle,0.05,807,91,107,600,9,0.4595959595959596,0.91,0.8486562942008486,0.9852216748768473,0.8562577447335812,0.610738255033557,0.8793281471004244,0.5809162574453631,0.15134370579915135,0.09,198,609,0.24535315985130113,0.39160784614192096,0.5291220173188184,0.837737871472837,0.9519274599974348,0.8203591263911055,0.8731851145679134,0.9721543870971988,0.9922059568280895,0.8303633824105504,0.8787764793280105,0.12681488543208672,0.17964087360889444,0.04807254000256516,0.16226212852716307,0.21691755828133033,0.2762016014151071
validation_sample,vehicle,0.1,807,88,69,638,12,0.5605095541401274,0.88,0.9024045261669024,0.9815384615384616,0.8996282527881041,0.6848249027237354,0.8912022630834512,0.6512302364499948,0.09759547383309759,0.12,157,650,0.19454770755885997,0.48234723611809394,0.6357815109059005,0.8018790057328857,0.9300059356298052,0.8783056718384624,0.9221541113373627,0.9680103898593998,0.9894082497127826,0.8769653089746459,0.9185046228886093,0.07784588866263734,0.12169432816153761,0.06999406437019487,0.1981209942671142,0.168709773692447,0.22327987528649124
validation_sample,vehicle,0.2,807,85,41,666,15,0.6746031746031746,0.85,0.942008486562942,0.9779735682819384,0.9306071871127634,0.7522123893805311,0.896004243281471,0.718920244880204,0.05799151343705799,0.15,126,681,0.15613382899628253,0.58868366497837,0.7501911474246719,0.7671644040916764,0.9069401471634336,0.9222726788118061,0.9569669775764025,0.9639779417380763,0.9866070317841613,0.9109573284219679,0.9461769392446404,0.04303302242359755,0.0777273211881939,0.09305985283656631,0.2328355959083236,0.13272568132351784,0.18280019125926253
validation_sample,vehicle,0.25,807,85,32,675,15,0.7264957264957265,0.85,0.9547383309759547,0.9782608695652174,0.9417596034696406,0.7834101382488479,0.9023691654879773,0.7530900655687732,0.04526166902404526,0.15,117,690,0.1449814126394052,0.6394936247018688,0.7990975717073203,0.7671644040916764,0.9069401471634336,0.9368029354443944,0.9677588230477946,0.9644436538344678,0.9867822949893259,0.9234115206711488,0.9559219078846666,0.032241176952205394,0.06319706455560567,0.09305985283656631,0.2328355959083236,0.12237111706733846,0.17095559462623483
validation_sample,vehicle,0.3,807,81,30,677,19,0.7297297297297297,0.81,0.9575671852899575,0.9727011494252874,0.9392812887236679,0.7677725118483413,0.8837835926449789,0.7342771226000214,0.042432814710042434,0.19,111,696,0.137546468401487,0.6404595664697533,0.8036309259684177,0.7222115462093562,0.8748524849023126,0.9400712866095199,0.9701176056835538,0.9577579394506447,0.9824550069340962,0.9206312878941084,0.9537689937974386,0.02988239431644637,0.05992871339048015,0.12514751509768735,0.2777884537906437,0.1154947399297489,0.16303253117101962
validation_sample,vehicle,0.5,807,73,15,692,27,0.8295454545454546,0.73,0.9787835926449788,0.9624478442280946,0.9479553903345725,0.7765957446808511,0.8543917963224894,0.7492341794495657,0.021216407355021217,0.27,88,719,0.1090458488228005,0.7376312908544665,0.8938917788436728,0.63567883232055,0.8073041585042364,0.9652912617093015,0.9871011340904063,0.9459149757506687,0.9740654596340675,0.9303981554795685,0.9612681402369175,0.012898865909593816,0.03470873829069869,0.1926958414957634,0.36432116767944994,0.08936403547177338,0.1324320466899103
validation_sample,vehicle,0.7,807,60,8,699,40,0.8823529411764706,0.6,0.9886845827439887,0.945872801082544,0.9405204460966543,0.7142857142857143,0.7943422913719944,0.6982576354753153,0.011315417256011316,0.4,68,739,0.08426270136307311,0.784650962802083,0.9391650739766866,0.5020025867910618,0.6905987135675411,0.9778319784000551,0.9942553857027485,0.9271331292422943,0.9600009855474249,0.9220204344202242,0.9548464207034572,0.005744614297251621,0.02216802159994501,0.3094012864324589,0.4979974132089382,0.06701132988535763,0.10545328363364356
validation_sample,vehicle,0.9,807,33,1,706,67,0.9705882352941176,0.33,0.9985855728429985,0.9133247089262613,0.9157372986369269,0.49253731343283585,0.6642927864214992,0.5389258215376164,0.0014144271570014145,0.67,34,773,0.042131350681536554,0.8508442670731409,0.9947890937237311,0.24563122734128034,0.4269465620490947,0.9920320571793833,0.9997502752265159,0.8913902630233299,0.9311713970740234,0.8945467163663564,0.9329886701146423,0.00024972477348412115,0.007967942820616632,0.5730534379509054,0.7543687726587196,0.030304191689813607,0.058296925136627334
